{
    "colors": [
        "#FF7200"
    ],
    "mainTitle": "",
    "xAxisTitle": "Date",
    "yAxisTitle": "pips",
    "xAxisType": "datetime",
    "xAxisReversed": false,
    "yAxisReversed": false,
    "xMinValue": 0,
    "yMinValue": 0,
    "xAxisValueType": 0,
    "yAxisValueType": 0,
    "yAxisDecimalPoints": 2,
    "yAxisLabelsEnabled": true,
    "hideXAxisLabels": false,
    "hideYAxisLabels": false,
    "series": [
        {
            "name": "Trader",
            "color": "#FF7200",
            "type": "spline",
            "lineWidth": 6,
            "nameKey": "provider",
            "id": "dataseries",
            "className": "glossy",
            "data": [
                {
                    "x": 1599609600000.0,
                    "y": 16.3
                },
                {
                    "x": 1600128000000.0,
                    "y": 27.4
                },
                {
                    "x": 1600214400000.0,
                    "y": 45.5
                },
                {
                    "x": 1600300800000.0,
                    "y": 64.6
                },
                {
                    "x": 1600646400000.0,
                    "y": 82.0
                },
                {
                    "x": 1601337600000.0,
                    "y": 143.1
                },
                {
                    "x": 1602633600000.0,
                    "y": 160.4
                },
                {
                    "x": 1603238400000.0,
                    "y": 260.4
                },
                {
                    "x": 1603929600000.0,
                    "y": 281.0
                },
                {
                    "x": 1604016000000.0,
                    "y": 287.2
                },
                {
                    "x": 1605139200000.0,
                    "y": 308.8
                },
                {
                    "x": 1605225600000.0,
                    "y": 330.5
                },
                {
                    "x": 1605657600000.0,
                    "y": 351.8
                },
                {
                    "x": 1605830400000.0,
                    "y": 375.2
                },
                {
                    "x": 1606262400000.0,
                    "y": 412.09999999999997
                },
                {
                    "x": 1606348800000.0,
                    "y": 422.29999999999995
                },
                {
                    "x": 1607472000000.0,
                    "y": 536.5999999999999
                },
                {
                    "x": 1607990400000.0,
                    "y": 555.5999999999999
                },
                {
                    "x": 1608508800000.0,
                    "y": 593.3999999999999
                }
            ]
        },
        {
            "name": "Investor",
            "color": "#4572A7",
            "type": "spline",
            "lineWidth": 6,
            "nameKey": "follower",
            "id": "dataseries",
            "className": "glossy",
            "data": [
                {
                    "x": 1599609600000.0,
                    "y": 13.3
                },
                {
                    "x": 1600128000000.0,
                    "y": 24.0
                },
                {
                    "x": 1600214400000.0,
                    "y": 41.6
                },
                {
                    "x": 1600300800000.0,
                    "y": 60.1
                },
                {
                    "x": 1600646400000.0,
                    "y": 76.5
                },
                {
                    "x": 1601337600000.0,
                    "y": 64.1
                },
                {
                    "x": 1602633600000.0,
                    "y": 64.1
                },
                {
                    "x": 1603238400000.0,
                    "y": 64.1
                },
                {
                    "x": 1603929600000.0,
                    "y": 84.3
                },
                {
                    "x": 1604016000000.0,
                    "y": 89.1
                },
                {
                    "x": 1605139200000.0,
                    "y": 110.89999999999999
                },
                {
                    "x": 1605225600000.0,
                    "y": 132.1
                },
                {
                    "x": 1605657600000.0,
                    "y": 153.29999999999998
                },
                {
                    "x": 1605830400000.0,
                    "y": 173.2
                },
                {
                    "x": 1606262400000.0,
                    "y": 207.7
                },
                {
                    "x": 1606348800000.0,
                    "y": 217.2
                },
                {
                    "x": 1607472000000.0,
                    "y": 330.1
                },
                {
                    "x": 1607990400000.0,
                    "y": 344.8
                },
                {
                    "x": 1608508800000.0,
                    "y": 381.8
                }
            ]
        }
    ],
    "markerPoints": [],
    "type": "spline",
    "spacingTop": 0,
    "spacingRight": 0,
    "spacingBottom": 0,
    "spacingLeft": 0,
    "stacking": false,
    "hideSeries": false,
    "hideLegend": false,
    "hideExporting": false
}