{
    "colors": [
        "#FF7200"
    ],
    "mainTitle": "",
    "xAxisTitle": "Date",
    "yAxisTitle": "pips",
    "xAxisType": "datetime",
    "xAxisReversed": false,
    "yAxisReversed": false,
    "xMinValue": 0,
    "yMinValue": 0,
    "xAxisValueType": 0,
    "yAxisValueType": 0,
    "yAxisDecimalPoints": 2,
    "yAxisLabelsEnabled": true,
    "hideXAxisLabels": false,
    "hideYAxisLabels": false,
    "series": [
        {
            "name": "Trader",
            "color": "#FF7200",
            "type": "spline",
            "lineWidth": 6,
            "nameKey": "provider",
            "id": "dataseries",
            "className": "glossy",
            "data": [
                {
                    "x": 1590624000000.0,
                    "y": 43.4
                },
                {
                    "x": 1590969600000.0,
                    "y": 85.8
                },
                {
                    "x": 1591142400000.0,
                    "y": 129.0
                },
                {
                    "x": 1591228800000.0,
                    "y": 186.8
                },
                {
                    "x": 1591660800000.0,
                    "y": 224.60000000000002
                },
                {
                    "x": 1591747200000.0,
                    "y": 253.40000000000003
                },
                {
                    "x": 1591920000000.0,
                    "y": 284.6
                },
                {
                    "x": 1592179200000.0,
                    "y": 340.20000000000005
                },
                {
                    "x": 1592352000000.0,
                    "y": 344.6
                },
                {
                    "x": 1592784000000.0,
                    "y": 430.0
                },
                {
                    "x": 1592870400000.0,
                    "y": 445.1
                },
                {
                    "x": 1593388800000.0,
                    "y": 478.6
                },
                {
                    "x": 1593475200000.0,
                    "y": 532.0
                },
                {
                    "x": 1593561600000.0,
                    "y": 557.3
                },
                {
                    "x": 1593993600000.0,
                    "y": 593.0
                },
                {
                    "x": 1594339200000.0,
                    "y": 615.0
                },
                {
                    "x": 1594598400000.0,
                    "y": 650.7
                },
                {
                    "x": 1595289600000.0,
                    "y": 673.2
                },
                {
                    "x": 1595376000000.0,
                    "y": 692.1
                },
                {
                    "x": 1595462400000.0,
                    "y": 706.8000000000001
                },
                {
                    "x": 1595980800000.0,
                    "y": 743.6
                },
                {
                    "x": 1596067200000.0,
                    "y": 764.9
                },
                {
                    "x": 1596153600000.0,
                    "y": 768.4
                },
                {
                    "x": 1596412800000.0,
                    "y": 797.0
                },
                {
                    "x": 1596499200000.0,
                    "y": 849.1
                },
                {
                    "x": 1597017600000.0,
                    "y": 860.6
                },
                {
                    "x": 1597104000000.0,
                    "y": 878.6
                },
                {
                    "x": 1597190400000.0,
                    "y": 896.6
                },
                {
                    "x": 1597276800000.0,
                    "y": 898.7
                },
                {
                    "x": 1597795200000.0,
                    "y": 942.1
                },
                {
                    "x": 1598227200000.0,
                    "y": 961.1
                },
                {
                    "x": 1598313600000.0,
                    "y": 976.5
                },
                {
                    "x": 1598486400000.0,
                    "y": 1003.3
                },
                {
                    "x": 1598918400000.0,
                    "y": 1026.3999999999999
                },
                {
                    "x": 1599091200000.0,
                    "y": 1049.1
                },
                {
                    "x": 1599177600000.0,
                    "y": 1072.8
                },
                {
                    "x": 1599609600000.0,
                    "y": 1089.1
                },
                {
                    "x": 1600128000000.0,
                    "y": 1100.1999999999998
                },
                {
                    "x": 1600214400000.0,
                    "y": 1118.2999999999997
                },
                {
                    "x": 1600300800000.0,
                    "y": 1137.3999999999996
                },
                {
                    "x": 1600646400000.0,
                    "y": 1154.7999999999997
                },
                {
                    "x": 1601337600000.0,
                    "y": 1215.8999999999996
                },
                {
                    "x": 1602633600000.0,
                    "y": 1233.1999999999996
                },
                {
                    "x": 1603238400000.0,
                    "y": 1333.1999999999996
                },
                {
                    "x": 1603929600000.0,
                    "y": 1353.7999999999995
                },
                {
                    "x": 1604016000000.0,
                    "y": 1359.9999999999995
                },
                {
                    "x": 1605139200000.0,
                    "y": 1381.5999999999995
                },
                {
                    "x": 1605225600000.0,
                    "y": 1403.2999999999995
                },
                {
                    "x": 1605657600000.0,
                    "y": 1424.5999999999995
                },
                {
                    "x": 1605830400000.0,
                    "y": 1447.9999999999995
                },
                {
                    "x": 1606262400000.0,
                    "y": 1484.8999999999996
                },
                {
                    "x": 1606348800000.0,
                    "y": 1495.0999999999997
                },
                {
                    "x": 1607472000000.0,
                    "y": 1609.3999999999996
                },
                {
                    "x": 1607990400000.0,
                    "y": 1628.3999999999996
                },
                {
                    "x": 1608508800000.0,
                    "y": 1666.1999999999996
                },
                {
                    "x": 1609286400000.0,
                    "y": 1814.7999999999995
                },
                {
                    "x": 1609718400000.0,
                    "y": 1836.1999999999996
                },
                {
                    "x": 1609891200000.0,
                    "y": 1867.1999999999996
                },
                {
                    "x": 1610323200000.0,
                    "y": 1909.1999999999996
                },
                {
                    "x": 1610409600000.0,
                    "y": 1922.2999999999995
                },
                {
                    "x": 1610928000000.0,
                    "y": 1933.4999999999995
                },
                {
                    "x": 1611100800000.0,
                    "y": 1946.7999999999995
                },
                {
                    "x": 1611187200000.0,
                    "y": 1967.7999999999995
                },
                {
                    "x": 1611619200000.0,
                    "y": 1967.8999999999994
                },
                {
                    "x": 1611705600000.0,
                    "y": 1987.1999999999994
                },
                {
                    "x": 1611792000000.0,
                    "y": 2030.1999999999994
                },
                {
                    "x": 1612828800000.0,
                    "y": 2118.899999999999
                },
                {
                    "x": 1613952000000.0,
                    "y": 2122.499999999999
                },
                {
                    "x": 1614038400000.0,
                    "y": 2138.699999999999
                },
                {
                    "x": 1614211200000.0,
                    "y": 2175.3999999999987
                },
                {
                    "x": 1614556800000.0,
                    "y": 2197.3999999999987
                },
                {
                    "x": 1614643200000.0,
                    "y": 2347.199999999999
                },
                {
                    "x": 1614729600000.0,
                    "y": 2355.299999999999
                },
                {
                    "x": 1615507200000.0,
                    "y": 2453.199999999999
                },
                {
                    "x": 1616371200000.0,
                    "y": 2488.699999999999
                },
                {
                    "x": 1617667200000.0,
                    "y": 2599.3999999999987
                },
                {
                    "x": 1618876800000.0,
                    "y": 2605.5999999999985
                },
                {
                    "x": 1618963200000.0,
                    "y": 2622.0999999999985
                },
                {
                    "x": 1619136000000.0,
                    "y": 2628.6999999999985
                },
                {
                    "x": 1619395200000.0,
                    "y": 2630.9999999999986
                },
                {
                    "x": 1619481600000.0,
                    "y": 2636.4999999999986
                },
                {
                    "x": 1619568000000.0,
                    "y": 2661.799999999999
                },
                {
                    "x": 1619654400000.0,
                    "y": 2680.799999999999
                },
                {
                    "x": 1620345600000.0,
                    "y": 2823.599999999999
                },
                {
                    "x": 1620777600000.0,
                    "y": 2841.799999999999
                },
                {
                    "x": 1620950400000.0,
                    "y": 2891.199999999999
                },
                {
                    "x": 1621296000000.0,
                    "y": 2894.299999999999
                },
                {
                    "x": 1621468800000.0,
                    "y": 2904.099999999999
                },
                {
                    "x": 1621814400000.0,
                    "y": 2914.499999999999
                },
                {
                    "x": 1622160000000.0,
                    "y": 2928.499999999999
                },
                {
                    "x": 1622419200000.0,
                    "y": 2936.099999999999
                },
                {
                    "x": 1622505600000.0,
                    "y": 2975.599999999999
                },
                {
                    "x": 1622764800000.0,
                    "y": 2986.999999999999
                },
                {
                    "x": 1623024000000.0,
                    "y": 3000.499999999999
                },
                {
                    "x": 1623283200000.0,
                    "y": 3018.399999999999
                },
                {
                    "x": 1623628800000.0,
                    "y": 3025.399999999999
                },
                {
                    "x": 1627516800000.0,
                    "y": 3093.2999999999993
                },
                {
                    "x": 1628208000000.0,
                    "y": 2279.0999999999995
                },
                {
                    "x": 1629763200000.0,
                    "y": 2375.4999999999995
                },
                {
                    "x": 1630972800000.0,
                    "y": 2383.4999999999995
                },
                {
                    "x": 1632960000000.0,
                    "y": 2083.2999999999997
                },
                {
                    "x": 1635379200000.0,
                    "y": 2109.3999999999996
                },
                {
                    "x": 1636070400000.0,
                    "y": 1808.8999999999996
                }
            ]
        },
        {
            "name": "Investor",
            "color": "#4572A7",
            "type": "spline",
            "lineWidth": 6,
            "nameKey": "follower",
            "id": "dataseries",
            "className": "glossy",
            "data": [
                {
                    "x": 1590624000000.0,
                    "y": 43.3
                },
                {
                    "x": 1590969600000.0,
                    "y": 89.3
                },
                {
                    "x": 1591142400000.0,
                    "y": 130.1
                },
                {
                    "x": 1591228800000.0,
                    "y": 186.3
                },
                {
                    "x": 1591660800000.0,
                    "y": 196.8
                },
                {
                    "x": 1591747200000.0,
                    "y": 224.8
                },
                {
                    "x": 1591920000000.0,
                    "y": 218.8
                },
                {
                    "x": 1592179200000.0,
                    "y": 271.6
                },
                {
                    "x": 1592352000000.0,
                    "y": 271.6
                },
                {
                    "x": 1592784000000.0,
                    "y": 324.1
                },
                {
                    "x": 1592870400000.0,
                    "y": 339.0
                },
                {
                    "x": 1593388800000.0,
                    "y": 376.6
                },
                {
                    "x": 1593475200000.0,
                    "y": 429.6
                },
                {
                    "x": 1593561600000.0,
                    "y": 429.6
                },
                {
                    "x": 1593993600000.0,
                    "y": 465.90000000000003
                },
                {
                    "x": 1594339200000.0,
                    "y": 488.1
                },
                {
                    "x": 1594598400000.0,
                    "y": 523.7
                },
                {
                    "x": 1595289600000.0,
                    "y": 545.7
                },
                {
                    "x": 1595376000000.0,
                    "y": 564.5
                },
                {
                    "x": 1595462400000.0,
                    "y": 564.5
                },
                {
                    "x": 1595980800000.0,
                    "y": 600.6
                },
                {
                    "x": 1596067200000.0,
                    "y": 622.3000000000001
                },
                {
                    "x": 1596153600000.0,
                    "y": 626.6
                },
                {
                    "x": 1596412800000.0,
                    "y": 617.6
                },
                {
                    "x": 1596499200000.0,
                    "y": 669.1
                },
                {
                    "x": 1597017600000.0,
                    "y": 680.9
                },
                {
                    "x": 1597104000000.0,
                    "y": 680.9
                },
                {
                    "x": 1597190400000.0,
                    "y": 698.6999999999999
                },
                {
                    "x": 1597276800000.0,
                    "y": 700.4
                },
                {
                    "x": 1597795200000.0,
                    "y": 743.6999999999999
                },
                {
                    "x": 1598227200000.0,
                    "y": 727.3
                },
                {
                    "x": 1598313600000.0,
                    "y": 727.3
                },
                {
                    "x": 1598486400000.0,
                    "y": 754.3
                },
                {
                    "x": 1598918400000.0,
                    "y": 781.8
                },
                {
                    "x": 1599091200000.0,
                    "y": 805.0999999999999
                },
                {
                    "x": 1599177600000.0,
                    "y": 829.0999999999999
                },
                {
                    "x": 1599609600000.0,
                    "y": 845.6999999999999
                },
                {
                    "x": 1600128000000.0,
                    "y": 856.5999999999999
                },
                {
                    "x": 1600214400000.0,
                    "y": 874.5999999999999
                },
                {
                    "x": 1600300800000.0,
                    "y": 893.4999999999999
                },
                {
                    "x": 1600646400000.0,
                    "y": 893.4999999999999
                },
                {
                    "x": 1601337600000.0,
                    "y": 893.4999999999999
                },
                {
                    "x": 1602633600000.0,
                    "y": 910.6999999999999
                },
                {
                    "x": 1603238400000.0,
                    "y": 849.0999999999999
                },
                {
                    "x": 1603929600000.0,
                    "y": 869.4999999999999
                },
                {
                    "x": 1604016000000.0,
                    "y": 875.2999999999998
                },
                {
                    "x": 1605139200000.0,
                    "y": 897.2999999999998
                },
                {
                    "x": 1605225600000.0,
                    "y": 918.4999999999999
                },
                {
                    "x": 1605657600000.0,
                    "y": 918.4999999999999
                },
                {
                    "x": 1605830400000.0,
                    "y": 938.2999999999998
                },
                {
                    "x": 1606262400000.0,
                    "y": 938.2999999999998
                },
                {
                    "x": 1606348800000.0,
                    "y": 938.2999999999998
                },
                {
                    "x": 1607472000000.0,
                    "y": 1034.2999999999997
                },
                {
                    "x": 1607990400000.0,
                    "y": 1052.3999999999996
                },
                {
                    "x": 1608508800000.0,
                    "y": 1089.6999999999996
                },
                {
                    "x": 1609286400000.0,
                    "y": 1082.9999999999995
                },
                {
                    "x": 1609718400000.0,
                    "y": 1104.0999999999995
                },
                {
                    "x": 1609891200000.0,
                    "y": 1134.2999999999995
                },
                {
                    "x": 1610323200000.0,
                    "y": 1176.3999999999994
                },
                {
                    "x": 1610409600000.0,
                    "y": 1189.2999999999995
                },
                {
                    "x": 1610928000000.0,
                    "y": 1199.9999999999995
                },
                {
                    "x": 1611100800000.0,
                    "y": 1213.0999999999995
                },
                {
                    "x": 1611187200000.0,
                    "y": 1234.1999999999994
                },
                {
                    "x": 1611619200000.0,
                    "y": 1233.8999999999994
                },
                {
                    "x": 1611705600000.0,
                    "y": 1255.2999999999995
                },
                {
                    "x": 1611792000000.0,
                    "y": 1299.2999999999995
                },
                {
                    "x": 1612828800000.0,
                    "y": 1277.8999999999994
                },
                {
                    "x": 1613952000000.0,
                    "y": 1282.4999999999993
                },
                {
                    "x": 1614038400000.0,
                    "y": 1298.8999999999994
                },
                {
                    "x": 1614211200000.0,
                    "y": 1335.3999999999994
                },
                {
                    "x": 1614556800000.0,
                    "y": 1357.5999999999995
                },
                {
                    "x": 1614643200000.0,
                    "y": 1413.0999999999995
                },
                {
                    "x": 1614729600000.0,
                    "y": 1420.6999999999994
                },
                {
                    "x": 1615507200000.0,
                    "y": 1371.3999999999994
                },
                {
                    "x": 1616371200000.0,
                    "y": 1407.5999999999995
                },
                {
                    "x": 1617667200000.0,
                    "y": 1413.1999999999994
                },
                {
                    "x": 1618876800000.0,
                    "y": 1418.8999999999994
                },
                {
                    "x": 1618963200000.0,
                    "y": 1432.7999999999995
                },
                {
                    "x": 1619136000000.0,
                    "y": 1440.8999999999994
                },
                {
                    "x": 1619395200000.0,
                    "y": 1443.3999999999994
                },
                {
                    "x": 1619481600000.0,
                    "y": 1448.8999999999994
                },
                {
                    "x": 1619568000000.0,
                    "y": 1472.3999999999994
                },
                {
                    "x": 1619654400000.0,
                    "y": 1491.2999999999995
                },
                {
                    "x": 1620345600000.0,
                    "y": 1634.5999999999995
                },
                {
                    "x": 1620777600000.0,
                    "y": 1655.3999999999994
                },
                {
                    "x": 1620950400000.0,
                    "y": 1705.5999999999995
                },
                {
                    "x": 1621296000000.0,
                    "y": 1708.8999999999994
                },
                {
                    "x": 1621468800000.0,
                    "y": 1719.1999999999994
                },
                {
                    "x": 1621814400000.0,
                    "y": 1728.3999999999994
                },
                {
                    "x": 1622160000000.0,
                    "y": 1742.5999999999995
                },
                {
                    "x": 1622419200000.0,
                    "y": 1749.9999999999995
                },
                {
                    "x": 1622505600000.0,
                    "y": 1788.6999999999996
                },
                {
                    "x": 1622764800000.0,
                    "y": 1797.0999999999997
                },
                {
                    "x": 1623024000000.0,
                    "y": 1809.6999999999996
                },
                {
                    "x": 1623283200000.0,
                    "y": 1826.6999999999996
                },
                {
                    "x": 1623628800000.0,
                    "y": 1831.4999999999995
                },
                {
                    "x": 1627516800000.0,
                    "y": 1831.4999999999995
                },
                {
                    "x": 1628208000000.0,
                    "y": 1206.7999999999995
                },
                {
                    "x": 1629763200000.0,
                    "y": 1304.2999999999995
                },
                {
                    "x": 1630972800000.0,
                    "y": 1312.0999999999995
                },
                {
                    "x": 1632960000000.0,
                    "y": 1011.4999999999994
                },
                {
                    "x": 1635379200000.0,
                    "y": 1011.4999999999994
                },
                {
                    "x": 1636070400000.0,
                    "y": 710.8999999999994
                }
            ]
        }
    ],
    "markerPoints": [],
    "type": "spline",
    "spacingTop": 0,
    "spacingRight": 0,
    "spacingBottom": 0,
    "spacingLeft": 0,
    "stacking": false,
    "hideSeries": false,
    "hideLegend": false,
    "hideExporting": false
}