{
    "colors": [
        "#FF7200"
    ],
    "mainTitle": "",
    "xAxisTitle": "Date",
    "yAxisTitle": "pips",
    "xAxisType": "datetime",
    "xAxisReversed": false,
    "yAxisReversed": false,
    "xMinValue": 0,
    "yMinValue": 0,
    "xAxisValueType": 0,
    "yAxisValueType": 0,
    "yAxisDecimalPoints": 2,
    "yAxisLabelsEnabled": true,
    "hideXAxisLabels": false,
    "hideYAxisLabels": false,
    "series": [
        {
            "name": "Trader",
            "color": "#FF7200",
            "type": "spline",
            "lineWidth": 6,
            "nameKey": "provider",
            "id": "dataseries",
            "className": "glossy",
            "data": [
                {
                    "x": 1585267200000.0,
                    "y": 121.8
                },
                {
                    "x": 1585526400000.0,
                    "y": 143.1
                },
                {
                    "x": 1585612800000.0,
                    "y": 335.9
                },
                {
                    "x": 1585785600000.0,
                    "y": 496.5
                },
                {
                    "x": 1585872000000.0,
                    "y": 541.8
                },
                {
                    "x": 1586131200000.0,
                    "y": 683.1999999999999
                },
                {
                    "x": 1586304000000.0,
                    "y": 858.0999999999999
                },
                {
                    "x": 1586995200000.0,
                    "y": 1010.9999999999999
                },
                {
                    "x": 1587513600000.0,
                    "y": 1111.3
                },
                {
                    "x": 1588032000000.0,
                    "y": 1112.0
                },
                {
                    "x": 1588291200000.0,
                    "y": 1276.2
                },
                {
                    "x": 1588550400000.0,
                    "y": 1378.3
                },
                {
                    "x": 1588809600000.0,
                    "y": 1448.3
                },
                {
                    "x": 1589241600000.0,
                    "y": 1474.3999999999999
                },
                {
                    "x": 1589328000000.0,
                    "y": 1493.8999999999999
                },
                {
                    "x": 1589414400000.0,
                    "y": 1612.8999999999999
                },
                {
                    "x": 1589760000000.0,
                    "y": 1670.1
                },
                {
                    "x": 1589932800000.0,
                    "y": 1687.5
                },
                {
                    "x": 1590537600000.0,
                    "y": 1731.7
                },
                {
                    "x": 1590624000000.0,
                    "y": 1775.1000000000001
                },
                {
                    "x": 1590969600000.0,
                    "y": 1817.5000000000002
                },
                {
                    "x": 1591142400000.0,
                    "y": 1860.7000000000003
                },
                {
                    "x": 1591228800000.0,
                    "y": 1918.5000000000002
                },
                {
                    "x": 1591660800000.0,
                    "y": 1956.3000000000002
                },
                {
                    "x": 1591747200000.0,
                    "y": 1985.1000000000001
                },
                {
                    "x": 1591920000000.0,
                    "y": 2016.3000000000002
                },
                {
                    "x": 1592179200000.0,
                    "y": 2071.9
                },
                {
                    "x": 1592352000000.0,
                    "y": 2076.3
                },
                {
                    "x": 1592784000000.0,
                    "y": 2161.7000000000003
                },
                {
                    "x": 1592870400000.0,
                    "y": 2176.8
                },
                {
                    "x": 1593388800000.0,
                    "y": 2210.3
                },
                {
                    "x": 1593475200000.0,
                    "y": 2263.7000000000003
                },
                {
                    "x": 1593561600000.0,
                    "y": 2289.0000000000005
                },
                {
                    "x": 1593993600000.0,
                    "y": 2324.7000000000003
                },
                {
                    "x": 1594339200000.0,
                    "y": 2346.7000000000003
                },
                {
                    "x": 1594598400000.0,
                    "y": 2382.4
                },
                {
                    "x": 1595289600000.0,
                    "y": 2404.9
                },
                {
                    "x": 1595376000000.0,
                    "y": 2423.8
                },
                {
                    "x": 1595462400000.0,
                    "y": 2438.5
                },
                {
                    "x": 1595980800000.0,
                    "y": 2475.3
                },
                {
                    "x": 1596067200000.0,
                    "y": 2496.6000000000004
                },
                {
                    "x": 1596153600000.0,
                    "y": 2500.1000000000004
                },
                {
                    "x": 1596412800000.0,
                    "y": 2528.7000000000003
                },
                {
                    "x": 1596499200000.0,
                    "y": 2580.8
                },
                {
                    "x": 1597017600000.0,
                    "y": 2592.3
                },
                {
                    "x": 1597104000000.0,
                    "y": 2610.3
                },
                {
                    "x": 1597190400000.0,
                    "y": 2628.3
                },
                {
                    "x": 1597276800000.0,
                    "y": 2630.4
                },
                {
                    "x": 1597795200000.0,
                    "y": 2673.8
                },
                {
                    "x": 1598227200000.0,
                    "y": 2692.8
                },
                {
                    "x": 1598313600000.0,
                    "y": 2708.2000000000003
                },
                {
                    "x": 1598486400000.0,
                    "y": 2735.0000000000005
                },
                {
                    "x": 1598918400000.0,
                    "y": 2758.1000000000004
                },
                {
                    "x": 1599091200000.0,
                    "y": 2780.8
                },
                {
                    "x": 1599177600000.0,
                    "y": 2804.5
                },
                {
                    "x": 1599609600000.0,
                    "y": 2820.8
                },
                {
                    "x": 1600128000000.0,
                    "y": 2831.9
                },
                {
                    "x": 1600214400000.0,
                    "y": 2850.0
                },
                {
                    "x": 1600300800000.0,
                    "y": 2869.1
                },
                {
                    "x": 1600646400000.0,
                    "y": 2886.5
                },
                {
                    "x": 1601337600000.0,
                    "y": 2947.6
                },
                {
                    "x": 1602633600000.0,
                    "y": 2964.9
                },
                {
                    "x": 1603238400000.0,
                    "y": 3064.9
                },
                {
                    "x": 1603929600000.0,
                    "y": 3085.5
                },
                {
                    "x": 1604016000000.0,
                    "y": 3091.7
                },
                {
                    "x": 1605139200000.0,
                    "y": 3113.2999999999997
                },
                {
                    "x": 1605225600000.0,
                    "y": 3134.9999999999995
                },
                {
                    "x": 1605657600000.0,
                    "y": 3156.2999999999997
                },
                {
                    "x": 1605830400000.0,
                    "y": 3179.7
                },
                {
                    "x": 1606262400000.0,
                    "y": 3216.6
                },
                {
                    "x": 1606348800000.0,
                    "y": 3226.7999999999997
                },
                {
                    "x": 1607472000000.0,
                    "y": 3341.1
                },
                {
                    "x": 1607990400000.0,
                    "y": 3360.1
                },
                {
                    "x": 1608508800000.0,
                    "y": 3397.9
                },
                {
                    "x": 1609286400000.0,
                    "y": 3546.5
                },
                {
                    "x": 1609718400000.0,
                    "y": 3567.9
                },
                {
                    "x": 1609891200000.0,
                    "y": 3598.9
                },
                {
                    "x": 1610323200000.0,
                    "y": 3640.9
                },
                {
                    "x": 1610409600000.0,
                    "y": 3654.0
                },
                {
                    "x": 1610928000000.0,
                    "y": 3665.2
                },
                {
                    "x": 1611100800000.0,
                    "y": 3678.5
                },
                {
                    "x": 1611187200000.0,
                    "y": 3699.5
                },
                {
                    "x": 1611619200000.0,
                    "y": 3699.6
                },
                {
                    "x": 1611705600000.0,
                    "y": 3718.9
                },
                {
                    "x": 1611792000000.0,
                    "y": 3761.9
                },
                {
                    "x": 1612828800000.0,
                    "y": 3850.6
                },
                {
                    "x": 1613952000000.0,
                    "y": 3854.2
                },
                {
                    "x": 1614038400000.0,
                    "y": 3870.3999999999996
                },
                {
                    "x": 1614211200000.0,
                    "y": 3907.0999999999995
                },
                {
                    "x": 1614556800000.0,
                    "y": 3929.0999999999995
                },
                {
                    "x": 1614643200000.0,
                    "y": 4078.8999999999996
                },
                {
                    "x": 1614729600000.0,
                    "y": 4086.9999999999995
                },
                {
                    "x": 1615507200000.0,
                    "y": 4184.9
                },
                {
                    "x": 1616371200000.0,
                    "y": 4220.4
                },
                {
                    "x": 1617667200000.0,
                    "y": 4331.099999999999
                },
                {
                    "x": 1618876800000.0,
                    "y": 4337.299999999999
                },
                {
                    "x": 1618963200000.0,
                    "y": 4353.799999999999
                },
                {
                    "x": 1619136000000.0,
                    "y": 4360.4
                },
                {
                    "x": 1619395200000.0,
                    "y": 4362.7
                },
                {
                    "x": 1619481600000.0,
                    "y": 4368.2
                },
                {
                    "x": 1619568000000.0,
                    "y": 4393.5
                },
                {
                    "x": 1619654400000.0,
                    "y": 4412.5
                },
                {
                    "x": 1620345600000.0,
                    "y": 4555.3
                },
                {
                    "x": 1620777600000.0,
                    "y": 4573.5
                },
                {
                    "x": 1620950400000.0,
                    "y": 4622.9
                },
                {
                    "x": 1621296000000.0,
                    "y": 4626.0
                },
                {
                    "x": 1621468800000.0,
                    "y": 4635.8
                },
                {
                    "x": 1621814400000.0,
                    "y": 4646.2
                },
                {
                    "x": 1622160000000.0,
                    "y": 4660.2
                },
                {
                    "x": 1622419200000.0,
                    "y": 4667.8
                },
                {
                    "x": 1622505600000.0,
                    "y": 4707.3
                },
                {
                    "x": 1622764800000.0,
                    "y": 4718.7
                },
                {
                    "x": 1623024000000.0,
                    "y": 4732.2
                },
                {
                    "x": 1623283200000.0,
                    "y": 4750.099999999999
                },
                {
                    "x": 1623628800000.0,
                    "y": 4757.099999999999
                },
                {
                    "x": 1627516800000.0,
                    "y": 4824.999999999999
                },
                {
                    "x": 1628208000000.0,
                    "y": 4010.7999999999993
                },
                {
                    "x": 1629763200000.0,
                    "y": 4107.199999999999
                }
            ]
        },
        {
            "name": "Investor",
            "color": "#4572A7",
            "type": "spline",
            "lineWidth": 6,
            "nameKey": "follower",
            "id": "dataseries",
            "className": "glossy",
            "data": [
                {
                    "x": 1585267200000.0,
                    "y": 122.7
                },
                {
                    "x": 1585526400000.0,
                    "y": 143.4
                },
                {
                    "x": 1585612800000.0,
                    "y": 213.5
                },
                {
                    "x": 1585785600000.0,
                    "y": 379.2
                },
                {
                    "x": 1585872000000.0,
                    "y": 426.2
                },
                {
                    "x": 1586131200000.0,
                    "y": 573.1
                },
                {
                    "x": 1586304000000.0,
                    "y": 742.7
                },
                {
                    "x": 1586995200000.0,
                    "y": 893.4000000000001
                },
                {
                    "x": 1587513600000.0,
                    "y": 987.6000000000001
                },
                {
                    "x": 1588032000000.0,
                    "y": 987.9000000000001
                },
                {
                    "x": 1588291200000.0,
                    "y": 987.9000000000001
                },
                {
                    "x": 1588550400000.0,
                    "y": 1090.1000000000001
                },
                {
                    "x": 1588809600000.0,
                    "y": 1159.6000000000001
                },
                {
                    "x": 1589241600000.0,
                    "y": 1185.5000000000002
                },
                {
                    "x": 1589328000000.0,
                    "y": 1203.5000000000002
                },
                {
                    "x": 1589414400000.0,
                    "y": 1319.4000000000003
                },
                {
                    "x": 1589760000000.0,
                    "y": 1376.8000000000004
                },
                {
                    "x": 1589932800000.0,
                    "y": 1390.9000000000003
                },
                {
                    "x": 1590537600000.0,
                    "y": 1432.6000000000004
                },
                {
                    "x": 1590624000000.0,
                    "y": 1475.9000000000003
                },
                {
                    "x": 1590969600000.0,
                    "y": 1520.7000000000003
                },
                {
                    "x": 1591142400000.0,
                    "y": 1561.3000000000002
                },
                {
                    "x": 1591228800000.0,
                    "y": 1618.4
                },
                {
                    "x": 1591660800000.0,
                    "y": 1656.3000000000002
                },
                {
                    "x": 1591747200000.0,
                    "y": 1684.2000000000003
                },
                {
                    "x": 1591920000000.0,
                    "y": 1715.2000000000003
                },
                {
                    "x": 1592179200000.0,
                    "y": 1767.8000000000002
                },
                {
                    "x": 1592352000000.0,
                    "y": 1770.9
                },
                {
                    "x": 1592784000000.0,
                    "y": 1855.6000000000001
                },
                {
                    "x": 1592870400000.0,
                    "y": 1855.6000000000001
                },
                {
                    "x": 1593388800000.0,
                    "y": 1855.6000000000001
                },
                {
                    "x": 1593475200000.0,
                    "y": 1855.6000000000001
                },
                {
                    "x": 1593561600000.0,
                    "y": 1855.6000000000001
                },
                {
                    "x": 1593993600000.0,
                    "y": 1855.6000000000001
                },
                {
                    "x": 1594339200000.0,
                    "y": 1855.6000000000001
                },
                {
                    "x": 1594598400000.0,
                    "y": 1855.6000000000001
                },
                {
                    "x": 1595289600000.0,
                    "y": 1855.6000000000001
                },
                {
                    "x": 1595376000000.0,
                    "y": 1855.6000000000001
                },
                {
                    "x": 1595462400000.0,
                    "y": 1855.6000000000001
                },
                {
                    "x": 1595980800000.0,
                    "y": 1855.6000000000001
                },
                {
                    "x": 1596067200000.0,
                    "y": 1855.6000000000001
                },
                {
                    "x": 1596153600000.0,
                    "y": 1855.6000000000001
                },
                {
                    "x": 1596412800000.0,
                    "y": 1855.6000000000001
                },
                {
                    "x": 1596499200000.0,
                    "y": 1855.6000000000001
                },
                {
                    "x": 1597017600000.0,
                    "y": 1855.6000000000001
                },
                {
                    "x": 1597104000000.0,
                    "y": 1855.6000000000001
                },
                {
                    "x": 1597190400000.0,
                    "y": 1855.6000000000001
                },
                {
                    "x": 1597276800000.0,
                    "y": 1855.6000000000001
                },
                {
                    "x": 1597795200000.0,
                    "y": 1855.6000000000001
                },
                {
                    "x": 1598227200000.0,
                    "y": 1855.6000000000001
                },
                {
                    "x": 1598313600000.0,
                    "y": 1855.6000000000001
                },
                {
                    "x": 1598486400000.0,
                    "y": 1855.6000000000001
                },
                {
                    "x": 1598918400000.0,
                    "y": 1855.6000000000001
                },
                {
                    "x": 1599091200000.0,
                    "y": 1855.6000000000001
                },
                {
                    "x": 1599177600000.0,
                    "y": 1855.6000000000001
                },
                {
                    "x": 1599609600000.0,
                    "y": 1855.6000000000001
                },
                {
                    "x": 1600128000000.0,
                    "y": 1855.6000000000001
                },
                {
                    "x": 1600214400000.0,
                    "y": 1855.6000000000001
                },
                {
                    "x": 1600300800000.0,
                    "y": 1855.6000000000001
                },
                {
                    "x": 1600646400000.0,
                    "y": 1855.6000000000001
                },
                {
                    "x": 1601337600000.0,
                    "y": 1855.6000000000001
                },
                {
                    "x": 1602633600000.0,
                    "y": 1855.6000000000001
                },
                {
                    "x": 1603238400000.0,
                    "y": 1855.6000000000001
                },
                {
                    "x": 1603929600000.0,
                    "y": 1855.6000000000001
                },
                {
                    "x": 1604016000000.0,
                    "y": 1855.6000000000001
                },
                {
                    "x": 1605139200000.0,
                    "y": 1855.6000000000001
                },
                {
                    "x": 1605225600000.0,
                    "y": 1855.6000000000001
                },
                {
                    "x": 1605657600000.0,
                    "y": 1855.6000000000001
                },
                {
                    "x": 1605830400000.0,
                    "y": 1855.6000000000001
                },
                {
                    "x": 1606262400000.0,
                    "y": 1855.6000000000001
                },
                {
                    "x": 1606348800000.0,
                    "y": 1855.6000000000001
                },
                {
                    "x": 1607472000000.0,
                    "y": 1855.6000000000001
                },
                {
                    "x": 1607990400000.0,
                    "y": 1855.6000000000001
                },
                {
                    "x": 1608508800000.0,
                    "y": 1855.6000000000001
                },
                {
                    "x": 1609286400000.0,
                    "y": 1855.6000000000001
                },
                {
                    "x": 1609718400000.0,
                    "y": 1855.6000000000001
                },
                {
                    "x": 1609891200000.0,
                    "y": 1855.6000000000001
                },
                {
                    "x": 1610323200000.0,
                    "y": 1855.6000000000001
                },
                {
                    "x": 1610409600000.0,
                    "y": 1855.6000000000001
                },
                {
                    "x": 1610928000000.0,
                    "y": 1855.6000000000001
                },
                {
                    "x": 1611100800000.0,
                    "y": 1855.6000000000001
                },
                {
                    "x": 1611187200000.0,
                    "y": 1855.6000000000001
                },
                {
                    "x": 1611619200000.0,
                    "y": 1855.6000000000001
                },
                {
                    "x": 1611705600000.0,
                    "y": 1855.6000000000001
                },
                {
                    "x": 1611792000000.0,
                    "y": 1855.6000000000001
                },
                {
                    "x": 1612828800000.0,
                    "y": 1855.6000000000001
                },
                {
                    "x": 1613952000000.0,
                    "y": 1855.6000000000001
                },
                {
                    "x": 1614038400000.0,
                    "y": 1855.6000000000001
                },
                {
                    "x": 1614211200000.0,
                    "y": 1855.6000000000001
                },
                {
                    "x": 1614556800000.0,
                    "y": 1855.6000000000001
                },
                {
                    "x": 1614643200000.0,
                    "y": 1855.6000000000001
                },
                {
                    "x": 1614729600000.0,
                    "y": 1855.6000000000001
                },
                {
                    "x": 1615507200000.0,
                    "y": 1855.6000000000001
                },
                {
                    "x": 1616371200000.0,
                    "y": 1855.6000000000001
                },
                {
                    "x": 1617667200000.0,
                    "y": 1855.6000000000001
                },
                {
                    "x": 1618876800000.0,
                    "y": 1861.6000000000001
                },
                {
                    "x": 1618963200000.0,
                    "y": 1875.2
                },
                {
                    "x": 1619136000000.0,
                    "y": 1883.5
                },
                {
                    "x": 1619395200000.0,
                    "y": 1886.1
                },
                {
                    "x": 1619481600000.0,
                    "y": 1891.3999999999999
                },
                {
                    "x": 1619568000000.0,
                    "y": 1915.4999999999998
                },
                {
                    "x": 1619654400000.0,
                    "y": 1934.2999999999997
                },
                {
                    "x": 1620345600000.0,
                    "y": 2080.4999999999995
                },
                {
                    "x": 1620777600000.0,
                    "y": 2099.4999999999995
                },
                {
                    "x": 1620950400000.0,
                    "y": 2148.7999999999997
                },
                {
                    "x": 1621296000000.0,
                    "y": 2151.8999999999996
                },
                {
                    "x": 1621468800000.0,
                    "y": 2162.0999999999995
                },
                {
                    "x": 1621814400000.0,
                    "y": 2171.2999999999993
                },
                {
                    "x": 1622160000000.0,
                    "y": 2185.999999999999
                },
                {
                    "x": 1622419200000.0,
                    "y": 2193.399999999999
                },
                {
                    "x": 1622505600000.0,
                    "y": 2232.499999999999
                },
                {
                    "x": 1622764800000.0,
                    "y": 2241.399999999999
                },
                {
                    "x": 1623024000000.0,
                    "y": 2253.899999999999
                },
                {
                    "x": 1623283200000.0,
                    "y": 2270.6999999999994
                },
                {
                    "x": 1623628800000.0,
                    "y": 2275.0999999999995
                },
                {
                    "x": 1627516800000.0,
                    "y": 2345.2999999999993
                },
                {
                    "x": 1628208000000.0,
                    "y": 1530.6999999999994
                },
                {
                    "x": 1629763200000.0,
                    "y": 1628.3999999999994
                }
            ]
        }
    ],
    "markerPoints": [],
    "type": "spline",
    "spacingTop": 0,
    "spacingRight": 0,
    "spacingBottom": 0,
    "spacingLeft": 0,
    "stacking": false,
    "hideSeries": false,
    "hideLegend": false,
    "hideExporting": false
}