{
    "content": [
        {
            "zuluAccountId": 2194728,
            "name": "Ronin47 V6se September 2020",
            "leverage": 500.0,
            "baseCurrencyName": "USD",
            "id": 405717,
            "public": true
        },
        {
            "zuluAccountId": 2175697,
            "name": "Jubilee300",
            "leverage": 500.0,
            "baseCurrencyName": "USD",
            "id": 403702,
            "public": true
        },
        {
            "zuluAccountId": 2153823,
            "name": "TraderABCD",
            "leverage": 500.0,
            "baseCurrencyName": "EUR",
            "id": 401103,
            "public": true
        },
        {
            "zuluAccountId": 2139927,
            "name": "AztecKing",
            "leverage": 500.0,
            "baseCurrencyName": "EUR",
            "id": 399518,
            "public": true
        },
        {
            "zuluAccountId": 2135744,
            "name": "MultiProfitControl5",
            "leverage": 100.0,
            "baseCurrencyName": "USD",
            "id": 398954,
            "public": true
        },
        {
            "zuluAccountId": 2123921,
            "name": "liyongbin510",
            "leverage": 100.0,
            "baseCurrencyName": "USD",
            "id": 397293,
            "public": true
        },
        {
            "zuluAccountId": 2120001,
            "name": "The Islands",
            "leverage": 200.0,
            "baseCurrencyName": "USD",
            "id": 396833,
            "public": true
        },
        {
            "zuluAccountId": 2116441,
            "name": "UniversalFX Signal",
            "leverage": 50.0,
            "baseCurrencyName": "USD",
            "id": 396435,
            "public": true
        },
        {
            "zuluAccountId": 2104409,
            "name": "XMATrading",
            "leverage": 100.0,
            "baseCurrencyName": "EUR",
            "id": 395098,
            "public": true
        },
        {
            "zuluAccountId": 2100342,
            "name": "NO RISK 20",
            "leverage": 100.0,
            "baseCurrencyName": "USD",
            "id": 394668,
            "public": true
        },
        {
            "zuluAccountId": 2095449,
            "name": "Picasso01",
            "leverage": 100.0,
            "baseCurrencyName": "EUR",
            "id": 394070,
            "public": true
        },
        {
            "zuluAccountId": 2089154,
            "name": "FRIDAY MONDAY",
            "leverage": 500.0,
            "baseCurrencyName": "USD",
            "id": 392879,
            "public": true
        },
        {
            "zuluAccountId": 2086616,
            "name": "lizhendiuyi",
            "leverage": 200.0,
            "baseCurrencyName": "USD",
            "id": 392571,
            "public": true
        },
        {
            "zuluAccountId": 2081341,
            "name": "Stefano FX",
            "leverage": 30.0,
            "baseCurrencyName": "EUR",
            "id": 391858,
            "public": true
        },
        {
            "zuluAccountId": 2073475,
            "name": "Splendid FX",
            "leverage": 100.0,
            "baseCurrencyName": "EUR",
            "id": 390948,
            "public": true
        },
        {
            "zuluAccountId": 2070525,
            "name": "Hidden Tresure",
            "leverage": 100.0,
            "baseCurrencyName": "USD",
            "id": 390596,
            "public": true
        },
        {
            "zuluAccountId": 2055834,
            "name": "mhk444mhk",
            "leverage": 100.0,
            "baseCurrencyName": "USD",
            "id": 388896,
            "public": true
        },
        {
            "zuluAccountId": 2031174,
            "name": "superfx10",
            "leverage": 100.0,
            "baseCurrencyName": "USD",
            "id": 386204,
            "public": true
        },
        {
            "zuluAccountId": 1978794,
            "name": "taladoFX",
            "leverage": 100.0,
            "baseCurrencyName": "USD",
            "id": 381679,
            "public": true
        },
        {
            "zuluAccountId": 1964195,
            "name": "Eur the one",
            "leverage": 100.0,
            "baseCurrencyName": "USD",
            "id": 380308,
            "public": true
        },
        {
            "zuluAccountId": 1949363,
            "name": "xiazu1314",
            "leverage": 500.0,
            "baseCurrencyName": "USD",
            "id": 378995,
            "public": true
        },
        {
            "zuluAccountId": 1944146,
            "name": "Swartout",
            "leverage": 100.0,
            "baseCurrencyName": "USD",
            "id": 378647,
            "public": true
        },
        {
            "zuluAccountId": 1895470,
            "name": "DJXCapital",
            "leverage": 500.0,
            "baseCurrencyName": "USD",
            "id": 374555,
            "public": true
        },
        {
            "zuluAccountId": 1894784,
            "name": "DJCapital",
            "leverage": 100.0,
            "baseCurrencyName": "USD",
            "id": 374478,
            "public": true
        },
        {
            "zuluAccountId": 1883754,
            "name": "chunyffs333",
            "leverage": 100.0,
            "baseCurrencyName": "USD",
            "id": 373866,
            "public": true
        },
        {
            "zuluAccountId": 1761533,
            "name": "Pamm30pips",
            "leverage": 100.0,
            "baseCurrencyName": "USD",
            "id": 363660,
            "public": true
        },
        {
            "zuluAccountId": 1742008,
            "name": "PANTOKRATOR",
            "leverage": 200.0,
            "baseCurrencyName": "USD",
            "id": 361378,
            "public": true
        },
        {
            "zuluAccountId": 1610385,
            "name": "YunoriYK",
            "leverage": 100.0,
            "baseCurrencyName": "USD",
            "id": 338728,
            "public": true
        },
        {
            "zuluAccountId": 1462870,
            "name": "Signal Guide",
            "leverage": 100.0,
            "baseCurrencyName": "USD",
            "id": 304366,
            "public": true
        }
    ],
    "last": true,
    "totalElements": 29,
    "totalPages": 1,
    "size": 1500,
    "number": 0,
    "first": true,
    "numberOfElements": 29
}