{
    "content": [
        {
            "zuluAccountId": 2152601,
            "name": "magickaito",
            "leverage": 500.0,
            "baseCurrencyName": "EUR",
            "id": 400947,
            "public": true
        },
        {
            "zuluAccountId": 2116441,
            "name": "UniversalFX Signal",
            "leverage": 50.0,
            "baseCurrencyName": "USD",
            "id": 396435,
            "public": true
        },
        {
            "zuluAccountId": 2078836,
            "name": "LoginPeace Trend",
            "leverage": 200.0,
            "baseCurrencyName": "USD",
            "id": 391566,
            "public": true
        },
        {
            "zuluAccountId": 2066605,
            "name": "Investment Reward",
            "leverage": 100.0,
            "baseCurrencyName": "USD",
            "id": 390092,
            "public": true
        },
        {
            "zuluAccountId": 2031174,
            "name": "superfx10",
            "leverage": 100.0,
            "baseCurrencyName": "USD",
            "id": 386204,
            "public": true
        },
        {
            "zuluAccountId": 1941313,
            "name": "Thompson",
            "leverage": 100.0,
            "baseCurrencyName": "USD",
            "id": 378387,
            "public": true
        },
        {
            "zuluAccountId": 1883754,
            "name": "chunyffs333",
            "leverage": 100.0,
            "baseCurrencyName": "USD",
            "id": 373866,
            "public": true
        },
        {
            "zuluAccountId": 1462870,
            "name": "Signal Guide",
            "leverage": 100.0,
            "baseCurrencyName": "USD",
            "id": 304366,
            "public": true
        },
        {
            "zuluAccountId": 708903,
            "name": "Calipsofx",
            "leverage": 200.0,
            "baseCurrencyName": "USD",
            "id": 104770,
            "public": true
        }
    ],
    "last": true,
    "totalElements": 9,
    "totalPages": 1,
    "size": 1500,
    "number": 0,
    "first": true,
    "numberOfElements": 9
}